name,lat,lon
Tijuana Slough,32.557057,-117.132744
Imperial Beach Pier,32.577196,-117.13475
Coronado Beach,32.674437,-117.17421
Sunset Cliffs,32.73693,-117.25718
Ocean Beach Pier,32.750347,-117.25337
Avalanche,32.752669,-117.253314
Mission Beach,32.776636,-117.25514
Pacific Beach Drive,32.791282,-117.25678
Crystal Pier,32.796582,-117.25779
Law Street,32.801375,-117.26074
Old Man's at Tourmaline,32.806048,-117.26479
PB Point,32.806628,-117.26888
Birdrock,32.813094,-117.27381
Windansea,32.82979,-117.28162
Horseshoe,32.838278,-117.28396
La Jolla Shores,32.863,-117.257
Scripps,32.865777,-117.25614
Blacks,32.88338,-117.25571
Torrey Pines State Beach,32.927128,-117.2599
Del Mar,32.95916304183685,-117.26963
Del Mar Rivermouth,32.97527261243354,-117.2721061
Solana Beach,32.98938,-117.2743
Seaside Reef,33.00211185876003,-117.2811
Georges,33.01113550717834,-117.2803053
Cardiff Reef,33.01352178146273,-117.28219
San Elijo State Beach,33.02090944350196,-117.28535
Pipes,33.02460487110932,-117.28879
Swamies,33.03418598,-117.29552
D Street,33.04569760260221,-117.2994
Moonlight State Beach,33.04694255008896,-117.29966
Beacons,33.06526742,-117.30577
Grandview,33.07541383424675,-117.3105
Ponto,33.08685865930869,-117.31532
Terramar Point,33.130343587871906,-117.33668
Tamarack,33.14948101,-117.35029
Carlsbad State Beach,33.15384008522178,-117.35137
"The Rock, Oceanside",33.18195637639852,-117.37531
Forster St. Oceanside,33.18234248788874,-117.37465
Oceanside Pier,33.19477795952803,-117.38667
Oceanside Harbor,33.202391,-117.39475
Trails,33.359416,-117.54168
San Onofre State Beach,33.37261349,-117.56579
Church,33.37962229,-117.57894
Middles,33.38042605929805,-117.58332
Lower Trestles,33.38143999849023,-117.58843
Upper Trestles,33.38445596302903,-117.59445
Cottons,33.39000832738053,-117.59852
San Clemente State Beach,33.40484417640326,-117.60749
T-Street,33.41800974113613,-117.61952
"San Clemente Pier, Northside",33.420192958432395,-117.62105
204s,33.4248,-117.627
Poches,33.4404,-117.646
Doheny State Beach,33.4609858,-117.68535
Strands,33.4663042,-117.71684
Salt Creek,33.475793399792984,-117.72291
Aliso Creek,33.50894790083017,-117.75243
Agate Street,33.5278,-117.773
Brooks Street,33.53265918,-117.77764
Thalia Street,33.53561225884637,-117.7799
Rockpile,33.54268310353641,-117.7916
Crescent Bay,33.5462,-117.8016
Crystal Cove,33.55895564746362,-117.82135
Corona del Mar,33.58982984726977,-117.87713
The Wedge,33.59303021,-117.88199
Newport Point,33.605165797643664,-117.925
Blackies,33.60891872680435,-117.93112
Newport Lower Jetties,33.61555743705257,-117.93676
Newport Upper Jetties,33.62272274,-117.94685
River Jetties,33.62778647706099,-117.95939
Huntington State Beach,33.63828081,-117.97553
Huntington St.,33.65160561515691,-117.99697
Huntington Beach Pier Southside,33.65475101379567,-118.00291
Huntington Beach Pier Northside,33.65574085629463,-118.00397
North HB Streets,33.66704400178788,-118.0192
HB Cliffs,33.67186,-118.02525
Bolsa Chica State Beach,33.68760321488161,-118.04236
Cabrillo Beach,33.708773,-118.284011
White Point,33.717517,-118.32243
Anderson Street,33.72309983348433,-118.08078
Surfside,33.728733,-118.08982
Seal Beach Pier Southside,33.73684595,-118.10342
Seal Beach Pier Northside,33.73828949475321,-118.10845
Ray Bay,33.739337,-118.117
Seal Beach Jetty,33.73954373690184,-118.11414
64th Place,33.7464,-118.123
Lunada Bay,33.772099,-118.426842
PV Cove,33.792947,-118.40703
Haggerty's,33.80282,-118.39989
RAT Beach,33.809308,-118.39332
Torrance Beach,33.811208,-118.39274
Burnout Beach,33.815894,-118.39218
Knob Hill,33.82895,-118.39123
Sapphire St.,33.832674,-118.39133
Redondo Breakwater,33.850445,-118.40048
Hermosa Beach Pier,33.863543,-118.40649
Hermosa Beach,33.872013,-118.40752
Manhattan Beach Pier,33.879635,-118.41102
Bruce's Beach,33.89339,-118.4188
El Porto,33.901293,-118.42184
Hammerland,33.910853,-118.427913
Shitpipe,33.923184,-118.434146
Dockweiler Beach,33.940702,-118.44321
Venice Pier,33.977072,-118.46795
Venice Beach,33.984079,-118.47382
Venice Breakwater,33.984802,-118.47442
Point Dume,34.001673,-118.80456
Santa Monica Beach South,34.004028,-118.492396
Bay St.,34.005143,-118.49229
Santa Monica Pier,34.007503,-118.49718
"Santa Monica Pier, North",34.009056,-118.49935
Santa Monica Beach North,34.01279,-118.50756
Zuma Beach,34.02096,-118.83237
Latigo Point,34.025875,-118.75549
Malibu Third Point,34.030961,-118.68109
Will Rogers State Beach,34.03484,-118.53718
Malibu First Point,34.035777,-118.67668
Topanga Beach,34.037508,-118.5834
Sunset Point,34.038053,-118.5532
Sunset Beach,34.0386997,-118.551423
Chart House,34.039449,-118.57539
Zeros,34.0417,-118.917
Leo Carrillo,34.043762,-118.93294
Staircase Beach,34.0456,-118.948
County Line,34.051,-118.964
Ormond Beach,34.1356,-119.186
Port Hueneme Beach Park,34.142,-119.198
Silver Strand,34.1515,-119.221
Oxnard,34.17876333306018,-119.23995
Ventura Harbor,34.245076,-119.26799
Ventura Point,34.27166936557063,-119.30202
C St.,34.27204174,-119.29976
Ventura Overhead,34.27479983305182,-119.3133223
Emma Wood,34.27851754384724,-119.3162
Summer Beach,34.28991757054902,-119.3366647
Gold Coast Beachbreaks,34.29982939936656,-119.3489017
Solimar,34.30897456105926,-119.3582501
Pitas Point,34.31720331100517,-119.3882325
Mondos,34.32027598405835,-119.37698
Faria Beach,34.3304,-119.401
Hobson County Park,34.3374,-119.412
Stanley's,34.34145077331085,-119.4169994
Oil Piers,34.35113017313915,-119.4269215
Mussel Shoals,34.35513640390276,-119.440059
Rincon (Indicator),34.37257,-119.47743
Rincon (The Cove),34.37421,-119.47353
Tarpits,34.38693737,-119.5142334
Carpinteria State Beach,34.38935162233354,-119.51955
Mesa Lane,34.39645,-119.73124
Leadbetter Point,34.3984,-119.70207
The Pit,34.40249,-119.74457
Sandspit,34.4045,-119.68747
Campus Point,34.40511766,-119.84317
Santa Claus (Padaro Beach),34.40653618215685,-119.55001
Devereux,34.40754276777778,-119.87639
Sands,34.41023236011655,-119.88261
Hammond's,34.41549098334453,-119.637515
Miramar,34.4179,-119.632
Haskell's Beach,34.4307,-119.916
The Ranch,34.45747731928454,-120.34242
El Capitan,34.45759322742309,-120.02203
Refugio,34.46052293893899,-120.07328
Tajiguas,34.4625,-120.099
Jalama,34.50875036590315,-120.50348
Surf Beach,34.68700870220497,-120.6111611
Oceano Pier Ave.,35.104023095931694,-120.6321251
Grover Beach,35.120238313772994,-120.63635
Pismo Beach Pier,35.13877877884115,-120.64535
Shell Beach,35.16170504,-120.68954
Avila Beach,35.1775326,-120.73411
Cable Landing,35.30143372628852,-120.8778192
Morro Bay Harbor,35.368694153714465,-120.8554
Morro Bay,35.37815414378748,-120.86589
Morro Strand,35.39128905521763,-120.86935
"Cayucos Pier, Southside",35.44820114936284,-120.90715
Santa Rosa Creek,35.56829031927379,-121.11207
Moonstone,35.57305382,-121.1143362
Leffingwell Landing,35.5802,-121.121
San Simeon,35.61269103500222,-121.14807
Pico Creek,35.61533716776573,-121.1502053
Piedras Blancas,35.66782240455792,-121.2851727
Willow Creek,35.89412279173619,-121.4623801
Sand Dollar Beach,35.92499624829542,-121.46957
Big Sur Rivermouth,36.27968576518622,-121.85962
Carmel Beach,36.55448900657569,-121.93114
Ghost Tree,36.56037685095311,-121.9516152
Monterey Wall,36.60199,-121.88908
Monterey Bay,36.606635,-121.89109
Monterey State Beach,36.608518,-121.86467
Mole Point,36.60883280895963,-121.9603487
Asilomar,36.61880091818895,-121.94225
Lovers Point,36.62606586,-121.91548
Boneyard,36.63788026219399,-121.9311174
Marina State Beach,36.69388179265737,-121.81289
Moss Landing,36.80821791915616,-121.79055
Manresa,36.91899972819882,-121.85536
La Selva,36.936007,-121.86856
Natural Bridges,36.94905295955728,-122.06118
Swift Street,36.949133,-122.04759
Mitchell's Cove,36.95154854910425,-122.04207
Steamer Lane,36.95188851423011,-122.02522
Wind and Sea,36.9536,-121.9762
Rockview,36.9543,-121.9749
Pleasure Point,36.95468082526536,-121.97234
26th Ave,36.95723124,-121.98177
Jack's,36.95782765000708,-121.96729
The Hook,36.959,-121.964
Cowells,36.95918781542251,-122.02489
Sunny Cove,36.95997,-121.98957
Blacks Beach,36.96001,-121.99468
Three Mile,36.96126755026867,-122.1141
Privates,36.964344,-121.96017
Four Mile,36.96512852130351,-122.1252825
Capitola,36.971492,-121.9486
Davenport,37.02350229387179,-122.21908
Scott Creek,37.04122807048655,-122.23337
Waddell Creek,37.09520872681598,-122.2805475
Ano Nuevo,37.11578956919415,-122.3147
South Ocean Beach,37.741668,-122.51038
Central Ocean Beach,37.75281,-122.51014
North Ocean Beach,37.77524656957721,-122.51312
Fort Point,37.809987384424446,-122.47514
Cronkhite,37.8289475,-122.53768
Stinson Beach,37.89801283969752,-122.64519
Bolinas,37.90514516176495,-122.68151
Point Reyes (north),38.04892513158693,-122.98925
Dillon Beach,38.249,-122.972
Doran Beach,38.31088736605785,-123.0496777
Salmon Creek,38.35329968518107,-123.06906
Russian Rivermouth,38.45077228660809,-123.13008
Black Point Beach,38.68451802,-123.4322714
Point Arena,38.91444690804076,-123.7104245
Mendocino Township,39.30271935445495,-123.79757
Caspar Beach,39.361071,-123.81809
Jug Handle State Beach,39.376830049635686,-123.81849
Glass Beach,39.4525,-123.8135
Pudding Creek Beach,39.4598,-123.8087
Virgin Creek,39.4635,-123.81
MacKerricher,39.47339314374171,-123.805311
MacKerricher Laguna Point,39.4903,-123.8003
Ten Mile Beach,39.5252,-123.7779
Westport,39.63537452931482,-123.7858735
Wages Creek Beach,39.6508,-123.7851
DeHaven Creek,39.6597,-123.7868
Usal Beach,39.8312,-123.8516
Needle Rock,39.9442,-123.9688
Shelter Cove,40.02528754746774,-124.06372
North Jetty,40.76684246920174,-124.23107
Humboldt Harbor Entrance,40.76816197136951,-124.24248
Little River State Beach,41.0155,-124.1152
Moonstone Beach,41.0259,-124.117
Trinidad State Beach,41.05816,-124.15049
College Cove,41.067,-124.1517
Sue-meg,41.13016238153297,-124.16466
Agate Beach,41.1439,-124.144
Gold Bluffs Beach,41.3848,-124.0707
Fern Canyon Beach,41.4024,-124.069
Wilson Creek Beach,41.5987,-124.1008
South Beach,41.74259,-124.17607
Tolowa Dunes State Park,41.8691,-124.214
Pelican State Beach,41.9922,-124.2115
